source,author,title,description,url,urlToImage,publishedAt,content
"{'id': None, 'name': 'Affordanything.com'}",Paula Pant,#590: Small Cap Showdown! Paul Merriman vs. Dr. Karsten Jeske Battle … with Millions Hanging in the Balance,"In the left corner, we have Paul Merriman, the seasoned finance veteran weighing in at 183 pounds. In the right corner, Dr. Karsten Jeske, the scrappy newcomer at 208 pounds. The bell rings, and the small cap value debate begins.

This episode features a fina…",https://affordanything.com/590-small-cap-showdown-paul-merriman-vs-dr-karsten-jeske-battle-with-millions-hanging-in-the-balance/,,2025-03-14T19:45:46Z,"In the left corner, we have Paul Merriman, the seasoned finance veteran weighing in at 183 pounds. In the right corner, Dr. Karsten Jeske, the scrappy newcomer at 208 pounds. The bell rings, and the … [+4155 chars]"
"{'id': None, 'name': 'Mondoweiss'}",Qassam Muaddi,"Why Hamas just agreed to release an Israeli-American captive, and why Netanyahu is furious",Hamas said that it would release Israeli-American soldier Edan Alexander and the bodies of four deceased Israeli captives. The announcement has backed Israel into a corner in the ongoing ceasefire negotiations.,https://mondoweiss.net/2025/03/why-hamas-just-agreed-to-release-an-israeli-american-captive-and-why-netanyahu-is-furious/,https://mondoweiss.net/wp-content/uploads/2023/12/171223_Jerusalem_ZU_002.jpg,2025-03-14T19:43:07Z,Hamas announced on Friday that it accepted a U.S. proposal to release Israeli-American captive Edan Alexander and the remains of four other deceased Israeli captives who also carry dual nationality. … [+7214 chars]
"{'id': None, 'name': 'The Daily Caller'}",Ireland Owens,"Former Top Republican Senator Known For His Bluntness, Quick Wit Dies At Age 93",Former Wyoming Republican Sen. Alan Simpson died at age 93 on Friday.,https://dailycaller.com/2025/03/14/former-republican-senator-alan-simpson-dies-93/,https://cdn01.dailycaller.com/wp-content/uploads/2025/03/GettyImages-1241761583-scaled-e1741979952364.jpg,2025-03-14T19:40:27Z,"Former Wyoming Republican Sen. Alan Simpson died at age 93 on Friday.
Simpson passed away in Cody, Wyoming, surrounded by family and friends after he struggled to recover from a broken hip in Decemb… [+3103 chars]"
"{'id': None, 'name': 'Coinjournal.net'}",Benson Toti,ZKsync sunsets liquidity program ‘Ignite’,"ZKsync has cancelled the second season of its incentive program, Ignite. Bearish market conditions among other reasons led to the move. ZKSync will distribute all remaining rewards as of March 17, 2025. ZKsync announced on Friday that it had cancelled the sec…",https://coinjournal.net/news/zksync-sunsets-liquidity-program-ignite/,https://coinjournal.net/wp-content/uploads/2025/03/zksync-zk.jpg,2025-03-14T19:33:14Z,"<ul><li>ZKsync has cancelled the second season of its incentive program, Ignite.</li><li>Bearish market conditions among other reasons led to the move.</li><li>ZKSync will distribute all remaining re… [+2514 chars]"
"{'id': None, 'name': 'Snopes.com'}",Jordan Liles,Unpacking claim that photo shows Hitler helping wealthy donor sell car,Users drew comparisons between the May 1938 photo and pictures of U.S. President Donald Trump supporting campaign donor Elon Musk's Tesla car brand.,https://www.snopes.com//news/2025/03/14/hitler-help-donor-sell-car/,https://mediaproxy.snopes.com/width/1200/https://media.snopes.com/2025/03/hitler_donor_car_trump.jpg,2025-03-14T19:30:00Z,"""1968 Volkswagen Beetle."" Auto World Museum, http://www.autoworldmuseum.com/1968-volkswagen-beetle.html.
""Auschwitz."" U.S. Holocaust Memorial Museum, https://encyclopedia.ushmm.org/content/en/articl… [+3905 chars]"
"{'id': None, 'name': 'Forrester.com'}",Julie Mohr,Let the Service Management Agentic AI Race Begin,"Late last year, my colleagues and I authored a report on the future of AI computing titled Change the Interface, Change the World. We predicted how AI-powered interfaces and agents will change everyday life and work. This transformation has begun and we can s…",https://www.forrester.com/blogs/let-the-service-management-agentic-ai-race-begin/,https://go.forrester.com/wp-content/uploads/2025/03/Let-the-SM-Agentic-AI-Race-Begin.jpg,2025-03-14T19:26:07Z,"Late last year, my colleagues and I authored a report on the future of AI computing titled Change the Interface, Change the World. We predicted how AI-powered interfaces and agents will change everyd… [+6054 chars]"
"{'id': None, 'name': 'Richmond.com'}",DAVE RESS Richmond Times-Dispatch,"U.S. food aid cuts threaten family budgets, and Virginia's","Democratic legislators say Congress' goals for spending cuts put SNAP benefits at risk, which could affect thousands of Virginia families - and the state budget.",https://richmond.com/news/state-regional/government-politics/article_3df3c4e2-00ee-11f0-8db8-739507468d40.html,https://bloximages.newyork1.vip.townnews.com/richmond.com/content/tncms/assets/v3/editorial/3/df/3df3c4e2-00ee-11f0-8db8-739507468d40/67d4600d1e432.preview.jpg?crop=645%2C339%2C8%2C283,2025-03-14T19:19:00Z,"As congressional Republicans eye $230 billion in cuts to the farm budget that funds food stamps, Tamika Spears of Richmond worries how shes going to feed her three kids if her $262-a-month Supplement… [+4869 chars]"
"{'id': None, 'name': 'Cointelegraph'}",Cointelegraph by Alex O’Donnell,XRP flips Ether’s FDV amid change in market dynamics,"XRP’s fully diluted valuation (FDV) has surpassed Ether (ETH), according to March 14 data from CoinGecko. The FDV flip signifies a reversal of fortune for both layer-1 (L1) blockchain networks behind the tokens, as XRP Ledger’s decentralized finance (DeFi) ec…",https://cointelegraph.com/news/xrp-flips-ether-fdv-change-market-dynamics,"https://images.cointelegraph.com/cdn-cgi/image/format=auto,onerror=redirect,quality=90,width=1200/https://s3.cointelegraph.com/uploads/2025-03/019595a4-a1b9-7bf9-9309-48c85df6d2bd",2025-03-14T19:16:55Z,"XRPs fully diluted valuation (FDV) has surpassed Ether (ETH), according to March 14 data from CoinGecko. 
The FDV flip signifies a reversal of fortune for both layer-1 (L1) blockchain networks behin… [+2293 chars]"
"{'id': None, 'name': 'Yale.edu'}",news@yale.edu (Yale News),Clayton receives NSF award for ‘geoeconomics’ research,A coveted grant from National Science Foundation will support Yale SOM professor Christopher Clayton’s research on international dynamics of economic&nbsp;pressure.,https://som.yale.edu/story/2025/prof-christopher-clayton-receives-national-science-foundation-award-support-geoeconomics,https://som.yale.edu/sites/default/files/styles/open_graph/public/2025-03/_DSC4009%20%282%29.jpg?h=33112078&itok=R5ApE-Es,2025-03-14T19:16:27Z,"Christopher Clayton, assistant professor of finance, has received an award from the National Science Foundation (NSF) Faculty Early Career Development (CAREER) program to support his research in the … [+1331 chars]"
"{'id': None, 'name': 'Freerepublic.com'}",AP News,Oz pledges to fight health care fraud but makes no commitments on Medicaid funding cuts,WASHINGTON (AP) — Dr. Mehmet Oz promised senators on Friday to fight health care fraud and push to make Americans healthier if he becomes the next leader of the Centers for Medicare and Medicaid Services. But the former heart surgeon and TV personality dodged…,https://freerepublic.com/focus/f-news/4304304/posts,,2025-03-14T19:14:48Z,"Skip to comments.
Oz pledges to fight health care fraud but makes no commitments on Medicaid funding cutsAP News ^
 | March 14, 2025
 | AMANDA SEITZ and TOM MURPHY
Posted on 03/14/2025 12:14:48 P… [+1601 chars]"
"{'id': None, 'name': 'Freerepublic.com'}",AP News,Oz pledges to fight health care fraud but makes no commitments on Medicaid funding cuts,WASHINGTON (AP) — Dr. Mehmet Oz promised senators on Friday to fight health care fraud and push to make Americans healthier if he becomes the next leader of the Centers for Medicare and Medicaid Services. But the former heart surgeon and TV personality dodged…,https://freerepublic.com/focus/f-chat/4304304/posts,,2025-03-14T19:14:48Z,"Skip to comments.
Oz pledges to fight health care fraud but makes no commitments on Medicaid funding cutsAP News ^
 | March 14, 2025
 | AMANDA SEITZ and TOM MURPHY
Posted on 03/14/2025 12:14:48 P… [+1554 chars]"
"{'id': 'fox-news', 'name': 'Fox News'}",E.J. Antoni,The left thinks Trump's tariffs are a declaration of war. But they're clueless about the battlefield,"President Trump is using leverage to simultaneously level the playing field for American industry, raise revenue, secure investment and boost employment of Americans.",https://www.foxnews.com/opinion/left-thinks-trumps-tariffs-declaration-war-theyre-clueless-about-battlefield,https://static.foxnews.com/foxnews.com/content/uploads/2025/03/donald-trump-fist-pump.jpg,2025-03-14T19:12:10Z,"Join Fox News for access to this content
Plus special access to select articles and other premium content with your account - free of charge.
By entering your email and pushing continue, you are ag… [+5554 chars]"
"{'id': None, 'name': 'Complex'}",Trace William Cowen,Kering Shares Take Hit After Demna Announced as Gucci's New Artistic Director,Can Demna turn Gucci around after seeing a polarizing level of success with Balenciaga?,https://www.complex.com/style/a/tracewilliamcowen/kering-shares-demna-gucci,"https://images.complex.com/complex/image/upload/ar_1.91,c_fill,g_auto,q_auto,w_1200/v1741974769/demna_in_all_black_on_runway_vhmtyi",2025-03-14T19:11:22Z,"Kering shares took a hit this week after Gucci announced that Balenciagas Demna would be stepping into the role of Artistic Director, effective this July.
Per a report from Reuters, which also point… [+1364 chars]"
"{'id': 'the-times-of-india', 'name': 'The Times of India'}",ET Bureau,Tamil Nadu Budget: Focus on manufacturing and sustainable growth,"Finance Minister Thangam Thennarasu presented Tamil Nadu's fifth state budget under the DMK government, emphasizing manufacturing as crucial for employment. The state excels in electronics and EV manufacturing, with electronics exports projected to exceed $12…",https://economictimes.indiatimes.com/news/politics-and-nation/tamil-nadu-budget-focus-on-manufacturing-and-sustainable-growth/articleshow/119021725.cms,"https://img.etimg.com/thumb/msid-119021714,width-1200,height-630,imgsize-6906,overlay-economictimes/articleshow.jpg",2025-03-14T19:06:18Z,Finance Minister Thangam Thennarasu presented the DMK governments fifth state budget since coming to power in 2021 under chief minister MK Stalin. This is Thennarasus second budget after taking over … [+942 chars]
"{'id': 'the-irish-times', 'name': 'The Irish Times'}",Derek Scally,Munich tightens security measures for St Patrick’s Day parade,Event comes a month after two died in a car attack in the city,https://www.irishtimes.com/world/europe/2025/03/14/munich-tightens-security-measures-for-st-patricks-day-parade/,https://www.irishtimes.com/resizer/v2/P6R7YTDDZ2JJYLYORS2H4JJTCQ.jpg?smart=true&auth=56b66490abc004c09d29ab7b61f7cfa683b4ebf6e9ccc62111e473b6123cc264&width=1200&height=630,2025-03-14T19:00:01Z,"Munich has stepped up security for Sundays St Patricks Day Parade, a month after a car attack on a march in the city left two dead and injured 39.
The St Patricks Day parade attracted at least 80,00… [+2885 chars]"
"{'id': None, 'name': 'Cointelegraph'}",Cointelegraph by Zoltan Vardai,"US House kills IRS DeFi broker rule, Solana won’t cut 80% inflation rate: Finance Redefined","In a significant regulatory development for the crypto industry, the United States House of Representatives voted to nullify a bill that threatened the privacy-preserving properties of decentralized finance (DeFi) protocols.In the wider crypto space, one of t…",https://cointelegraph.com/news/us-house-kills-irs-de-fi-broker-rule-solana-won-t-cut-80-inflation-rate,"https://images.cointelegraph.com/cdn-cgi/image/format=auto,onerror=redirect,quality=90,width=1200/https://s3.cointelegraph.com/uploads/2025-01/019422b5-3dbb-790b-ad21-bfb1981d076a",2025-03-14T19:00:00Z,"In a significant regulatory development for the crypto industry, the United States House of Representatives voted to nullify a bill that threatened the privacy-preserving properties of decentralized … [+6899 chars]"
"{'id': None, 'name': 'Raw Story'}","Carl Gibson, AlterNet",'Eternally uncool': Pam Bondi brutally mocked after threatening to jail Tesla protesters,The ongoing protests at Tesla dealerships — the electric vehicle company led by South African billionaire Elon Musk — appear to be getting under the skin of President Donald Trump's administration.The website TeslaTakedown.com has become a hub for people seek…,https://www.rawstory.com/eternally-uncool-pam-bondi-brutally-mocked-after-threatening-to-jail-tesla-protesters/,https://www.rawstory.com/media-library/file-photo-former-florida-attorney-general-pam-bondi-speaks-during-a-press-conference-by-supporters-of-former-u-s-president-do.jpg?id=54966241&width=1200&height=600&coordinates=0%2C416%2C0%2C417,2025-03-14T18:57:43Z,"The ongoing protests at Tesla dealerships the electric vehicle company led by South African billionaire Elon Musk appear to be getting under the skin of President Donald Trump's administration.
The … [+3068 chars]"
"{'id': None, 'name': 'TODAY'}",Georgina DiNardo,Patrick Schwarzenegger on watching NSFW ‘White Lotus’ scenes with his family: ‘No rules’,"Patrick Schwarzenegger says his family hasn't set any rules for watching ""The White Lotus"" together, and shared Arnold Schwarzenegger and Maria Shriver's reactions.",https://www.today.com/popculture/tv/patrick-schwarzenegger-white-lotus-nsfw-scenes-family-rcna196329,"https://media-cldnry.s-nbcnews.com/image/upload/t_social_share_1200x630_center,f_auto,q_auto:best/rockcms/2025-03/Patrick-Schwarzenegger-mc-250314-03-e079ef.jpg",2025-03-14T18:55:06Z,"Warning: This post contains spoilers for Season 3 of ""The White Lotus.""
If you've been watching Season 3 of ""The White Lotus,"" you've probably seen a little bit more of certain cast members than you… [+4814 chars]"
"{'id': None, 'name': 'Rolling Stone'}",Nikkimccannramirez,Dr. Oz Won’t Commit To Protecting Medicaid,"During his confirmation hearing, the celebrity doctor dodged questions about his plans for public services that provide healthcare to millions",http://www.rollingstone.com/politics/politics-news/dr-oz-protecting-medicaid-senate-hearing-1235296719/,https://www.rollingstone.com/wp-content/uploads/2025/03/dr-oz-hearing.jpg?crop=0px%2C49px%2C1798px%2C1014px&resize=1600%2C900,2025-03-14T18:54:16Z,"The Department of Health and Human Services is already headed by a vaccine skeptic, and the Trump administration would like to install a TV doctor to run the nation’s most vital health care systems. … [+3542 chars]"
"{'id': None, 'name': 'National Post'}","Stephanie Taylor , Stuart Thomson","Out with women and gender, in with 'Canadian identity' in new Carney cabinet","Carney unveiled his picks for cabinet in a swearing in ceremony at Rideau Hall on Friday, five days after winning the leadership of the Liberal party",https://nationalpost.com/news/politics/out-with-women-and-gender-carney-cabinet,https://smartcdn.gprod.postmedia.digital/nationalpost/wp-content/uploads/2025/03/2204531357_294110560.jpg,2025-03-14T18:44:36Z,"Carney unveiled his picks for cabinet in a swearing in ceremony at Rideau Hall on Friday, five days after winning the leadership of the Liberal party
Mark Carney officially signs the Oath Book and t… [+8190 chars]"
"{'id': 'fox-news', 'name': 'Fox News'}",Alec Schemmel,Dr. Oz bats back Democratic attempts to paint him as a 'snake oil' salesman in Senate hearing,"Dr. Mehmet Oz, President Donald Trump's pick to lead the Centers for Medicare and Medicaid, was slammed for promoting 'snake oil remedies' during a Friday confirmation hearing on Capitol Hill.",https://www.foxnews.com/politics/oz-bats-back-dem-attempts-paint-him-snake-oil-salesman,https://static.foxnews.com/foxnews.com/content/uploads/2025/03/ap25073536618920-scaled.jpg,2025-03-14T18:41:15Z,"Dr. Mehmet Oz was slammed by his detractors during a Senate confirmation hearing Friday on Capitol Hill for promoting unproven alternative health treatments with one Democrat calling it the ""most lud… [+3243 chars]"
"{'id': 'al-jazeera-english', 'name': 'Al Jazeera English'}",Al Jazeera,"Mark Carney sworn in as Canada’s new prime minister, replacing Trudeau",The former central banker has promised to deliver 'action' as country faces hostility on trade from the United States.,https://www.aljazeera.com/news/2025/3/14/mark-carney-sworn-in-as-canadas-new-prime-minister-replacing-trudeau,https://www.aljazeera.com/wp-content/uploads/2025/03/AFP__20250314__372B8F8__v1__HighRes__CanadaPoliticsCarney-1741968598.jpg?resize=1920%2C1440,2025-03-14T18:40:37Z,"Mark Carney has been sworn in as the new prime minister of Canada, ending Justin Trudeaus nearly 10-year tenure in the role.
The 59-year-old ex-central banker took the oath of office on Friday, nami… [+6158 chars]"
"{'id': 'the-times-of-india', 'name': 'The Times of India'}",ET Bureau,TN govt packs largesse for flagship welfare schemes,"The MK Stalin-led DMK government presented its budget for 2025-26, emphasizing its commitment to inclusive growth with substantial allocations for women's welfare and industrial development. Notably, the fare-free bus travel scheme for women and the Kalaignar…",https://economictimes.indiatimes.com/news/politics-and-nation/tn-govt-packs-largesse-for-flagship-welfare-schemes/articleshow/119021160.cms,"https://img.etimg.com/thumb/msid-119021177,width-1200,height-630,imgsize-7764,overlay-economictimes/articleshow.jpg",2025-03-14T18:37:43Z,"The MK Stalin-led DMK regime on Friday presented its budget for 2025-26 in the Assembly ahead of the state election next year and made large allocations for several of its flagship welfare schemes, p… [+3143 chars]"
"{'id': None, 'name': 'CoinDesk'}",Oliver Knight,Cardano: Deep Dive on the Trump Reserve Token Whose Blockchain Ignores TVL,The Cardano Foundation measures growth in real-world use cases and not TVL.,https://www.coindesk.com/business/2025/03/11/cardano-deep-dive-into-one-of-trump-s-reserve-tokens-and-a-blockchain-that-ignores-tvl,https://cdn.sanity.io/images/s3y3vcno/production/46eab9d9d394e11bb0a87ec45889b24f8aeff3d4-4076x3057.jpg?auto=format,2025-03-14T18:37:17Z,"Trading volumes for Cardano's ADA token have exploded of late with daily figures averaging around $720 million in February while exceeding an average of $1.4 billion in March.
This rise was spurred … [+4559 chars]"
"{'id': None, 'name': 'Slashdot.org'}",feedfeeder,China blasts ‘spineless’ plan to sell Panama Canal ports to BlackRock - CNN,China blasts ‘spineless’ plan to sell Panama Canal ports to BlackRockCNN China Condemns CK Hutchison-BlackRock Panama Canal DealThe New York Times Escalation With Panama Exposes Finance Firms’ Role in US Rivalry With ChinaTruthout Another company is caught in…,https://slashdot.org/firehose.pl?op=view&amp;id=176717891,,2025-03-14T18:33:17Z,"""Consequences, Schmonsequences, as long as I'm rich.""
-- Looney Tunes, Ali Baba Bunny (1957, Chuck Jones)"
"{'id': None, 'name': 'Washington Free Beacon'}",Alana Goodman,"US Export Bank Quietly Approves $5 Billion Loan to French Company With Ties to Foreign Adversaries, Sparking Conservative Criticism","A federal agency quietly approved a $5 billion loan on Thursday to fund a liquefied natural gas facility in Mozambique owned by TotalEnergies, a French company that has a history of working with foreign adversaries, including Iran, Russia, and China. The U.S.…",https://freebeacon.com/national-security/us-export-bank-quietly-approves-5-billion-loan-to-french-company-with-ties-to-foreign-adversaries-sparking-conservative-criticism/,https://freebeacon.com/wp-content/uploads/2025/03/petrol-shortage-in-france-as-main-union-continues-strike-scaled.jpg,2025-03-14T18:30:33Z,"A federal agency quietly approved a $5 billion loan on Thursday to fund a liquefied natural gas facility in Mozambique owned by TotalEnergies, a French company that has a history of working with fore… [+4773 chars]"
"{'id': None, 'name': 'Motley Fool Australia'}",Steve Holland,Can Nine's new CEO lead a turnaround?,"It hasn’t been a great year for the stock. 
The post Can Nine's new CEO lead a turnaround? appeared first on The Motley Fool Australia.",https://www.fool.com.au/2025/03/15/can-nines-new-ceo-lead-a-turnaround/,https://www.fool.com.au/wp-content/uploads/2021/11/GettyImages-655182338-1-1200x675.jpg,2025-03-14T18:30:00Z,"The leadership team at Nine Entertainment Co Holdings Ltd (ASX: NEC) fell apart last year.
Former chairman Peter Costello threw in the towel soon after facing accusations of assaulting a journalist … [+2580 chars]"
"{'id': None, 'name': 'Cointelegraph'}",Cointelegraph by David Feliba,Growth in Bitcoin and stablecoin adoption could accelerate dedollarization,The US dollar has long reigned as the world’s primary reserve currency and the default choice for global trade and international transactions. But its dominance is now facing growing scrutiny as shifting geopolitical and economic forces—and concerns over the …,https://cointelegraph.com/news/growth-in-bitcoin-and-stablecoin-adoption-could-accelerate-dedollarization,"https://images.cointelegraph.com/cdn-cgi/image/format=auto,onerror=redirect,quality=90,width=1200/https://s3.cointelegraph.com/uploads/2025-03/01957207-ea02-7735-9cf3-863d6e9bc9ee",2025-03-14T18:30:00Z,The US dollar has long reigned as the worlds primary reserve currency and the default choice for global trade and international transactions. But its dominance is now facing growing scrutiny as shift… [+8002 chars]
"{'id': None, 'name': 'STLtoday.com'}",Kacen Bayless | The Kansas City Star (TNS),"Missouri lawmaker accused in a lawsuit of assault countersues, saying she’s been defamed","A lawsuit filed in Jackson County Circuit Court in late October 2024 alleges Missouri state Sen. Barbara Washington, a Democrat who represents southeastern Kansas City and Jackson County, held on to a woman during an election event on Nov. 8,…",https://www.stltoday.com/news/local/government-politics/article_7ab68934-00f6-11f0-988f-abc96bb5f36c.html,https://bloximages.newyork1.vip.townnews.com/stltoday.com/content/tncms/assets/v3/editorial/f/b3/fb358980-0712-53b3-97b3-b7473aa88075/67914d3065023.image.jpg?crop=1751%2C919%2C0%2C131&resize=1200%2C630&order=crop%2Cresize,2025-03-14T18:30:00Z,"Missouri State Sen. Barbara Washington addresses witnesses on Wednesday, Jan. 22, 2025, during a Senate Transportation, Infrastructure and Public Safety Committee hearing. The committee was discussin… [+7155 chars]"
"{'id': None, 'name': 'Longreads.com'}",Carolyn Wells,Are Men in a Spermpocalypse?,"""One man journeys through the many movements—sci-fi startups, DIY donor clubs, group masturbation retreats—urgently attempting to address the 'crisis in sperm.'""",http://longreads.com/2025/03/14/are-men-in-a-spermpocalypse/,,2025-03-14T18:25:57Z,"In this essay, Rosecrans Baldwin comprehensively covers all things sperm: sperm counts, sperm quality, sperm donors, embryonic selection, and IVF. He even looks to the future with IVG, or in vitro ga… [+2484 chars]"
"{'id': None, 'name': 'CryptoSlate'}",Gino Matos,Tether to benefit greatly from current US stablecoin regulation,Galaxy head of research Alex Thorn believes the GENIUS Act could favor Tether by allowing it to operate under relatively flexible conditions. Thorn assessed that the bill would open a pathway for Tether to register onshore but would not require it to do so to…,https://cryptoslate.com/tether-to-benefit-greatly-from-current-us-stablecoin-regulation/,https://cryptoslate.com/wp-content/uploads/2025/03/stablecoin-regulation.jpg,2025-03-14T18:24:48Z,"Galaxy head of research Alex Thorn believes the GENIUS Act could favor Tether by allowing it to operate under relatively flexible conditions.
Thorn assessed that the bill would open a pathway for Te… [+4182 chars]"
"{'id': None, 'name': 'TheWrap'}",Alex Kantrowitz,Scale AI CTO: AI Isn’t Taking Your Job Anytime Soon,"AI isn’t yet measuring up to benchmarks Scale set for human-level adeptness in fields like law, finance, and education
The post Scale AI CTO: AI Isn’t Taking Your Job Anytime Soon appeared first on TheWrap.",https://www.thewrap.com/scale-ai-cto-ai-isnt-taking-your-job-anytime-soon/,https://www.thewrap.com/wp-content/uploads/2025/03/61dd6333-9371-46a4-8f37-64540d2cdff7_1312x714.webp,2025-03-14T18:24:37Z,Scale AI is working to bring artificial intelligence up to human-level proficiency by having deeply skilled humans teach it what they know. The companys contributor network is made up of 12% PhDs and… [+420 chars]
"{'id': 'cbs-news', 'name': 'CBS News'}",Angelica Leicht,How to earn 3% or more on your checking and savings accounts now,"Today's high-rate environment is tough for borrowers, but it can pay off for savers who make a few smart moves.",https://www.cbsnews.com/news/how-to-earn-3-or-more-on-your-checking-and-savings-accounts-now/,https://assets3.cbsnewsstatic.com/hub/i/r/2025/03/14/75991ee2-2905-492a-be28-fc269434dc5d/thumbnail/1200x630/022813ec83f83f3fa18507d551ba8877/gettyimages-2199168586.jpg?v=e7f44f50e1cf6b32bb81cbfeaec70acf,2025-03-14T18:24:18Z,"There are some simple strategies you can use to earn big returns on the money in your checking and savings accounts right now.
Andrii Yalanskyi/Getty Images
It wasn't that long ago that earning mea… [+5555 chars]"
"{'id': 'cbs-news', 'name': 'CBS News'}",Matt Richardson,"Is a $100,000 home equity loan a good idea now?","For some homeowners, a $100,000 home equity loan offers an advantageous way to borrow a large sum now. Here's why.",https://www.cbsnews.com/news/is-100000-home-equity-loan-a-good-idea-now/,https://assets1.cbsnewsstatic.com/hub/i/r/2025/03/14/a977dda5-0522-498f-b9f0-c27e8d5b6ea3/thumbnail/1200x630/051c8fdaa732826bda85818aa56cf725/gettyimages-1409050938.jpg?v=e7f44f50e1cf6b32bb81cbfeaec70acf,2025-03-14T18:21:31Z,"A $100,000 home equity loan offers borrowers one of the cheaper ways to borrow a six-figure sum of money right now.
Getty Images
Borrowing money is always fraught with concerns and questions but es… [+4078 chars]"
"{'id': 'nbc-news', 'name': 'NBC News'}","Dan Avery, CNBC",5 ways seniors can tackle credit card debt,"A new AARP survey suggests nearly half (47%) of adults 50 and older who carry credit card debt use their cards to pay for necessities like health care, car payments and housing.",https://www.nbcnews.com/business/personal-finance/5-ways-seniors-can-tackle-credit-card-debt-rcna196493,"https://media-cldnry.s-nbcnews.com/image/upload/t_nbcnews-fp-1200-630,f_auto,q_auto:best/rockcms/2025-03/250314-credi-card-aa-211-65e869.jpg",2025-03-14T18:14:44Z,"A new AARP survey suggests nearly half (47%) of adults 50 and older who carry credit card debt use their cards to pay for necessities like health care, car payments and housing.
Some 17% admitted th… [+5641 chars]"
"{'id': None, 'name': 'PBS'}","Rob Gillies, Associated Press",Carney sworn in as Canada’s new prime minister as country deals with Trump’s trade war,"Former central banker Mark Carney was sworn in as Canada’s new prime minister on Friday, and will now try to steer his country through a trade war brought by U.S. President Donald Trump, annexation threats and an expected federal election.",https://www.pbs.org/newshour/world/carney-sworn-in-as-canadas-new-prime-minister-as-country-deals-with-trumps-trade-war,https://d3i6fh83elv35t.cloudfront.net/static/2025/03/2025-03-14T165848Z_1821271498_RC24DDA7BIEY_RTRMADP_3_CANADA-POLITICS-CARNEY-1024x683.jpg,2025-03-14T18:13:54Z,"TORONTO (AP) Former central banker Mark Carney was sworn in as Canadas new prime minister on Friday, and will now try to steer his country through a trade war brought by U.S. President Donald Trump, … [+3973 chars]"
"{'id': 'time', 'name': 'Time'}",ROB GILLIES / AP,Mark Carney Is Sworn in as Canada’s New Prime Minister as Country Deals With Trump’s Trade War,"Mark Carney replaces Justin Trudeau, who announced his resignation in January but remained in power until the Liberal Party elected a new leader.",https://time.com/7268420/mark-carney-sworn-in-canada-new-prime-minister-trump-trade-war/,https://api.time.com/wp-content/uploads/2025/03/AP25073560505565.jpg?quality=85&w=1200&h=628&crop=1,2025-03-14T18:10:46Z,"TORONTO Former central banker Mark Carney was sworn in as Canadas new prime minister on Friday, and will now try to steer his country through a trade war brought by U.S. President Donald Trump, annex… [+3921 chars]"
"{'id': None, 'name': 'TheWrap'}",Sean Burch,Justine Bateman Says Trump and Musk Should Use $100 Million of DOGE Savings to Start American Film Fund,"The filmmaker tells TheWrap that spending on original movies would show the world that ""America's back""
The post Justine Bateman Says Trump and Musk Should Use $100 Million of DOGE Savings to Start American Film Fund appeared first on TheWrap.",https://www.thewrap.com/trump-musk-use-doge-to-fund-american-movies-justine-bateman/,https://www.thewrap.com/wp-content/uploads/2025/02/Musk_ovaloffice.png,2025-03-14T18:10:37Z,"MAMGA: Make American Movies Great Again. 
It might not roll off the tongue as easily as MAGA, but filmmaker Justine Bateman is calling on President Trump to help make it happen. Her proposal: Take a… [+3457 chars]"
"{'id': 'the-irish-times', 'name': 'The Irish Times'}",,Mark Carney sworn in as Canada’s prime minister and prepares to fight Trump tariffs,‘We’re building a government that meets the moment’: Former central banker reshapes cabinet to deal with Washington,https://www.irishtimes.com/world/2025/03/14/mark-carney-sworn-in-as-canadas-prime-minister-and-prepares-to-fight-trump-tariffs/,https://www.irishtimes.com/resizer/v2/WMUSUGZFAHF4AK3556FWRQD3SI.jpg?smart=true&auth=c38d7168cd4e4401062bc11fe9f388b4082a172295c37679dc9491b3de2a39ca&width=1200&height=630,2025-03-14T18:06:06Z,"Ex-central banker Mark Carney was formally sworn in as prime minister of Canada on Friday, putting him in a position to fight tariffs from US president Donald Trump that could devastate the trade-dep… [+3209 chars]"
"{'id': None, 'name': 'Historytoday.com'}",History Today,Forget 1215 And “Bad King John” — Here’s The Real Magna Carta,"The “Great Charter” signed by John of England and his barons lasted less than three months before they were back at war with each other; new versions were issued in 1216 and 1217 by John’s successor, nine-year-old Henry III. But it’s the revision of 1225 that…",https://www.historytoday.com/archive/history-matters/real-magna-carta,http://www.historytoday.com/sites/default/files/styles/large/public/2025-02/magna_carta_1225_history_today_1.jpeg?itok=Ijgol3UC,2025-03-14T18:04:00Z,The Magna Carta of 1215 is celebrated globally as the foundation of modern liberties and rights for its stipulation of equality before the law and its placing of monarchs and rulers under it. However… [+5480 chars]
"{'id': None, 'name': 'Ritholtz.com'}",Barry Ritholtz,MiB: Stephanie Kelton on US Fiscal Policy and the ‘Deficit Myth’,"This week, I speak with Stephanie Kelton, Professor of Economics and Public Policy at Stony Brook University and Senior Fellow at the Schwartz Center for Economic Policy Analysis. We discuss US fiscal policy, recession risks, and her New York Times bestseller…",https://ritholtz.com/2025/03/mib-stephanie-kelton/,https://ritholtz.com/wp-content/uploads/2023/02/Mib-tile.png,2025-03-14T18:00:34Z,"This week, I speak with Stephanie Kelton, Professor of Economics and Public Policy at Stony Brook University and Senior Fellow at the Schwartz Center for Economic Policy Analysis. We discuss US fisca… [+1741 chars]"
"{'id': None, 'name': 'Ambcrypto.com'}",Samantha LKM,SEC vs Ripple – How Ethereum’s case study can be used to defend XRP,The verdict could set a longstanding precedent in the United States.,https://ambcrypto.com/sec-vs-ripple-how-ethereums-case-study-can-be-used-to-defend-xrp/,https://ambcrypto.com/wp-content/uploads/2025/03/Samyukhtha-1-1000x600.webp,2025-03-14T18:00:33Z,"XRP network activity surges despite price dip
Source: X
XRPs price may be cooling down, but on-chain data tells us a different story.
For example – The number of XRP addresses steadily climbed to … [+2418 chars]"
"{'id': None, 'name': 'Foreign Policy'}",Cameron Abadi and Adam Tooze,“He’ll Make Mincemeat of the Second-Raters in the Trump Team”,New Canadian leader Carney seen as a tough negotiator who doesn’t suffer fools.,http://foreignpolicy.com/2025/03/14/carney-mincemeat-second-raters-trump/,https://foreignpolicy.com/wp-content/uploads/2025/03/GettyImages-2204499425.jpg?w=1000,2025-03-14T17:50:11Z,"Mark Carney, the new prime minister of Canada, has a long record as a public servantbut that experience has largely come in the technocratic world of central banking. After years of mostly working in… [+5984 chars]"
"{'id': None, 'name': 'International Business Times'}",Beatrice JOANNIS,Trump's Champagne Threat Brings Fear And Denial To French Region,"US President Donald Trump's threat of 200-percent tariffs on wine, champagne and other alcoholic drinks from EU countries is proving hard to swallow in France's champagne region.",https://www.ibtimes.com/trumps-champagne-threat-brings-fear-denial-french-region-3766336,https://d.ibtimes.com/en/full/4587010/trump-has-threatened-impose-200-percent-tariffs-wine-champagne-alcoholic-products-european.jpg,2025-03-14T17:48:19Z,"US President Donald Trump's threat of 200-percent tariffs on wine, champagne and other alcoholic drinks from EU countries is proving hard to swallow in France's champagne region.
The move, announced… [+3195 chars]"
"{'id': None, 'name': 'Livemint'}",Anubhav Mukherjee,Former L&T Finance chief Sanjay Garyali appointed CEO of microfinance lender Fusion Finance,"Fusion Finance appointed its new CEO, Sanjay Garyali, on March 14, who served as the Former L&amp;T Finance chief and also has experience working with Kotak Mahindra Bank.&nbsp;",https://www.livemint.com/companies/news/former-l-t-finance-chief-sanjay-garyali-appointed-ceo-of-microfinance-lender-fusion-finance-11741971262788.html,https://www.livemint.com/lm-img/img/2025/03/14/1600x900/investor_1735749033897_1741974129648.jpg,2025-03-14T17:45:47Z,"Former Chief Executive Officer (CEO) of L&amp;T Financial Services, Sanjay Garyali, is set to join as the CEO of a microfinance lender, Fusion Finance, according to an exchange filing on Friday, Marc… [+1724 chars]"
"{'id': None, 'name': 'Bangkok Post'}",AFP,Trump's champagne threat brings fear and denial to French region,"<p>REIMS (FRANCE) - US President Donald Trump's threat of 200-percent tariffs on wine, champagne and other alcoholic drinks from EU countries is proving hard to swallow in France's champagne region.</p>",https://www.bangkokpost.com/world/2980171/trumps-champagne-threat-brings-fear-and-denial-to-french-region,https://static.bangkokpost.com/media/content/20250315/c1_5509676_700.jpg,2025-03-14T17:45:00Z,"REIMS (FRANCE) - US President Donald Trump's threat of 200-percent tariffs on wine, champagne and other alcoholic drinks from EU countries is proving hard to swallow in France's champagne region.
Th… [+3233 chars]"
"{'id': 'cbs-news', 'name': 'CBS News'}",Megan Cerullo,Tesla warns that Trump's trade war could hurt U.S. automakers,"In an unsigned letter, Tesla encourages trade representative to reconsider tariffs, saying they could hurt U.S.-based car manufacturers.",https://www.cbsnews.com/news/tesla-warns-trump-tariffs-could-hurt-us-automakers-musk/,https://assets3.cbsnewsstatic.com/hub/i/r/2025/03/14/9e15cf73-022a-437c-b822-f60a9c229c28/thumbnail/1200x630/063333998908155d661685b0a868e9df/gettyimages-597435754.jpg?v=e7f44f50e1cf6b32bb81cbfeaec70acf,2025-03-14T17:44:59Z,"Electric vehicle maker Tesla is warning that the Trump administration's trade policies could be detrimental to U.S.-based EV companies. 
In an unsigned March 11 letter to the Office of the United St… [+2347 chars]"
"{'id': None, 'name': 'HuffPost'}",Brittany Wong,Elon Musk Has Brought 'The R-Word' Back — And It's Part Of A Disturbing New Trend,"It fits in with a ""politics of cruelty"" that's been running rampant in the White House.",https://www.huffpost.com/entry/the-r-word-is-back_n_67d1fcf7e4b0554ff89b34c3,https://img.huffingtonpost.com/asset/67d1ead618000015007bb63e.jpg?cache=J2QVF75Nx0&ops=1200_630,2025-03-14T17:44:06Z,"""When we allow this slur to make a comeback, were not just permitting offensive speech we're potentially undermining the foundation of respect upon which disability rights depend,"" said disability ad… [+12101 chars]"
"{'id': 'cnn', 'name': 'CNN'}",Tami Luhby,"Dr. Mehmet Oz may have skirted paying Medicare and Social Security taxes, Democrats say | CNN Politics","Dr. Mehmet Oz, who is President Donald Trump’s nominee to lead the Centers for Medicare and Medicaid Services, may have “significantly underpaid his Social Security and Medicare taxes” in recent years, according to a memo prepared by Democratic staff on the S…",https://www.cnn.com/2025/03/14/politics/mehmet-oz-medicare-social-security-taxes/index.html,"https://media.cnn.com/api/v1/images/stellar/prod/ap25073564032389.jpg?c=16x9&q=w_800,c_fill",2025-03-14T17:43:05Z,"Dr. Mehmet Oz, who is President Donald Trumps nominee to lead the Centers for Medicare and Medicaid Services, may have significantly underpaid his Social Security and Medicare taxes in recent years, … [+2243 chars]"
"{'id': None, 'name': 'New York Post'}",Associated Press,"US, Israel look to Africa to resettle Palestinians after Trump outlines vision to redevelop Gaza",The U.S. and Israel have reached out to officials of three East African governments to discuss using their territories as potential destinations for resettling Palestinians uprooted from the Gaza Strip.,https://nypost.com/2025/03/14/world-news/us-and-israel-look-to-africa-for-resettling-palestinians-uprooted-from-gaza/,https://nypost.com/wp-content/uploads/sites/2/2025/03/100463152.jpg?quality=75&strip=all&w=1024,2025-03-14T17:41:07Z,The U.S. and Israel have reached out to officials of three East African governments to discuss using their territories as potential destinations for resettling Palestinians uprooted from the Gaza Str… [+8398 chars]
"{'id': 'financial-post', 'name': 'Financial Post'}",The Canadian Press,N.S. realtors want province to drop planned deed transfer tax hike,The Nova Scotia Association of Realtors wants the provincial government to back away from a plan to double the deed transfer tax. Read on.,https://financialpost.com/real-estate/ns-realtors-drop-deed-transfer-tax-hike,https://smartcdn.gprod.postmedia.digital/financialpost/wp-content/uploads/2025/03/3015-bc-skyline.jpg,2025-03-14T17:40:15Z,"The 2025-26 provincial budget would increase the tax to 10 per cent from five per cent as of April 1, with officials estimating the increase would raise an additional $13 million.
Earlier this month… [+795 chars]"
"{'id': 'the-irish-times', 'name': 'The Irish Times'}",Derek Scally,Bundesbank warns incoming chancellor Merz of costs of runaway borrowing,Greens agree to back €1 trillion investment plan,https://www.irishtimes.com/business/2025/03/14/bundesbank-warns-incoming-chancellor-merz-of-costs-of-runaway-borrowing/,https://www.irishtimes.com/resizer/v2/BP5GC5IQEO4WI2N2R56FSGPBCU.jpg?smart=true&auth=87083ca6b2b6cf069d98ff191115e9bfaf38f1f6d019ada4593fad74ea1e0bd6&width=1200&height=630,2025-03-14T17:37:12Z,"Germanys Bundesbank has warned chancellor presumptive Friedrich Merz not to lose his head on borrowing after the Green Party agreed to back his 1 trillion investment plan on Friday.
After holding ou… [+3080 chars]"
"{'id': None, 'name': 'National Observer'}","Sarah Ritchie, Catherine Morrison",Mark Carney sworn in as PM and introduces new cabinet,The new government includes 20 Trudeau-era ministers along with three new faces from the Liberal caucus.,https://www.nationalobserver.com/2025/03/14/news/mark-carney-pm-cabinet,https://www.nationalobserver.com/sites/default/files/img/2025/03/14/6ca46bb3-4418-4230-abab-048713944903.jpeg,2025-03-14T17:35:50Z,Mark Carney was sworn in as Canada's 24th prime minister in a ceremony at Rideau Hall on Friday morning along with a leaner Liberal cabinet that he said is focused on confronting the immediate threat… [+3937 chars]
"{'id': 'nbc-news', 'name': 'NBC News'}","Jessica Dickler, CNBC",Federal Reserve is likely to hold interest rates steady next week. But some consumer loans are getting cheaper.,"The Federal Reserve is expected to hold interest rates steady at the end of its two-day meeting next week, despite some encouraging news on inflation.",https://www.nbcnews.com/business/economy/federal-reserve-likely-hold-interest-rates-steady-week-consumer-loans-rcna196491,"https://media-cldnry.s-nbcnews.com/image/upload/t_nbcnews-fp-1200-630,f_auto,q_auto:best/rockcms/2025-03/250314-Federal-Reserve-building-ew-131p-c81c65.jpg",2025-03-14T17:35:15Z,"The Federal Reserve is expected to hold interest rates steady at the end of its two-day meeting next week, despite some encouraging news on inflation. 
Although inflation receded last month, an esca… [+4316 chars]"
"{'id': 'nbc-news', 'name': 'NBC News'}","Gabrielle Fonrouge, CNBC, Leslie Josephs, CNBC","U.S. consumers are starting to crack as tariffs add to inflation, recession concerns",It’s not just Walmart.,https://www.nbcnews.com/business/consumer/us-consumers-are-starting-crack-tariffs-add-inflation-recession-concer-rcna196474,"https://media-cldnry.s-nbcnews.com/image/upload/t_nbcnews-fp-1200-630,f_auto,q_auto:best/rockcms/2025-03/250314-people-walking-new-york-ch-1244-9aaf1a.jpg",2025-03-14T17:35:05Z,"Its not just Walmart.
The leaders of companies that serve everyone from penny-pinching grocery shoppers to first-class travelers are seeing cracks in demand, a shift after resilient consumers proppe… [+8077 chars]"
"{'id': 'the-irish-times', 'name': 'The Irish Times'}",,Man Utd’s trophy stadium plans could be a winner - but how will they finance it?,"‘Wembley of the North’ funding structure likely to be influenced by credit markets, government money...and, of course, results on the pitch",https://www.irishtimes.com/business/2025/03/14/man-utds-trophy-stadium-plans-could-be-a-winner-but-how-will-they-finance-it/,https://www.irishtimes.com/resizer/v2/3ASAYK2WIIP47FAPS4HMOXCLLI.jpg?smart=true&auth=671a285a6470dfcc10c057fd71fd93d7810feb50ff1186c52c1caca7c4742eac&width=1200&height=630,2025-03-14T17:34:31Z,"Manchester United Plcs surprise announcement this week of plans for a new 100,000-seater stadium was the easy bit. Now it needs to find the money.
Bankers are debating how difficult it might be to b… [+4992 chars]"
"{'id': None, 'name': 'Cointelegraph'}",Cointelegraph by David Feliba,Bitcoin bull market in peril as US recession and tariff worries loom,"In the first three months of his presidency, Donald Trump has ignited trade tensions by announcing tariffs on Canada, Mexico, and China and the result has been unexpected turmoil in US and global markets.The fallout from the tariffs has been relatively swift,…",https://cointelegraph.com/news/bitcoin-bull-market-in-peril-as-us-recession-and-tariff-worries-loom,"https://images.cointelegraph.com/cdn-cgi/image/format=auto,onerror=redirect,quality=90,width=1200/https://s3.cointelegraph.com/uploads/2024-11/01932e31-b64b-76c5-bda5-1acf0871de11",2025-03-14T17:30:00Z,"In the first three months of his presidency, Donald Trump has ignited trade tensions by announcing tariffs on Canada, Mexico, and China and the result has been unexpected turmoil in US and global mar… [+4736 chars]"
"{'id': None, 'name': 'Digital Journal'}",AFP,"French finance minister calls trade war ‘idiotic’, plans US trip",France’s Finance Minister Eric Lombard called the escalating US-EU trade war “idiotic” on Friday and said he would soon travel to the United States after Washington threatened huge tariffs against French wine and champagne. “We need to talk to the Americans t…,https://www.digitaljournal.com/world/french-finance-minister-calls-trade-war-idiotic-plans-us-trip/article,https://www.digitaljournal.com/wp-content/uploads/2025/03/2bedceff5f0236b2fb5ee082637ec907530c89c2.jpg,2025-03-14T17:27:33Z,"France's Finance Minister Eric Lombard said he would visit the United States 'in the coming days' - Copyright AFP/File Hector RETAMAL
France’s Finance Minister Eric Lombard called the escalating US-… [+1701 chars]"
"{'id': None, 'name': 'Biztoc.com'}",finance.yahoo.com,Cybersecurity firm Rubrik CEO: 'We see continued strong demand',"In This Article:
Count Rubrik (RBRK) as another software play not seeing a slowdown in business at the hands of March's market volatility.
""We see continued strong demand,"" Rubrik co-founder and CEO Bipul Sinha told me on Yahoo Finance on Friday. Sinha's comm…",https://biztoc.com/x/0fface3d9472023b,https://biztoc.com/cdn/0fface3d9472023b_s.webp,2025-03-14T17:26:27Z,"Youve Read the News - Now Find the ExpertClick to discover leading experts on 50,000+ topics for media, events &amp; more.
Discover Experts on 50,000+ TopicsConnect for media, speaking, expert witne… [+95 chars]"
"{'id': None, 'name': 'Econlib.org'}",Scott Sumner,China’s deflation: Made in the USA,"I’m continually amazed by the media coverage of China’s deflation problem, which is treated as a big mystery.  Actually, almost all modern examples of deflation have the same explanation—relatively tight money. (To be sure, deflation can be caused by a positi…",https://www.econlib.org/chinas-deflation-made-in-the-usa/,https://www.econlib.org/wp-content/uploads/2025/03/Screen-Shot-2025-03-13-at-12.58.28-PM.png,2025-03-14T17:24:34Z,"I’m continually amazed by the media coverage of China’s deflation problem, which is treated as a big mystery.  Actually, almost all modern examples of deflation have the same explanation—relatively t… [+3810 chars]"
"{'id': None, 'name': 'Sky.com'}",,"Canada will 'never ever be part of US' and talk of nation becoming 51st state 'crazy', says new PM","Mark Carney has been formally sworn in as the new prime minister of Canada, following the resignation of predecessor Justin Trudeau.",https://news.sky.com/story/prime-minister-mark-carney-says-canada-will-never-ever-be-part-of-us-and-talk-of-nation-becoming-51st-state-is-crazy-13328652,https://e3.365dm.com/25/03/1600x900/skynews-mark-carney-canada_6856540.jpg?20250314182051,2025-03-14T17:20:00Z,"Mark Carney has been formally sworn in as the new prime minister of Canada, following the resignation of predecessor Justin Trudeau.
Mr Carney, a former governor of both the Bank of Canada and Bank … [+3200 chars]"
"{'id': None, 'name': 'Raw Story'}",Sarah K. Burris,'Give me the full Trump': Dr. Oz ridiculed online for sporting new 'yellow' hair,"President Donald Trump's nominee to lead the Centers for Medicare & Medicaid Services Administration, Dr. Mehmet Oz, appeared before the Senate Finance Committee on Friday for a confirmation hearing on Friday. One thing that was noticeable to those who tuned …",https://www.rawstory.com/dr-oz-2671330461/,https://www.rawstory.com/media-library/image.png?id=57378936&width=1200&height=600&coordinates=0%2C25%2C0%2C25,2025-03-14T17:19:49Z,"President Donald Trump's nominee to lead the Centers for Medicare &amp; Medicaid Services Administration, Dr. Mehmet Oz, appeared before the Senate Finance Committee on Friday for a confirmation hear… [+1437 chars]"
"{'id': 'time', 'name': 'Time'}","Justin Worland/Houston, Texas",Canada Isn’t Ruling Out Energy and Minerals In Its Response to Trump’s Trade War,"“We are resolute in our need to push back,” says Canada's Energy Minister Jonathan Wilkinson of the country's response to Trump's imposed tariffs.",https://time.com/7268335/canada-energy-mineral-tariff-trump-trade-war/,https://api.time.com/wp-content/uploads/2025/03/Canada-US-trade-war-energy.jpg?quality=85&w=1024&h=628&crop=1,2025-03-14T17:18:02Z,"Canadas energy minister is angry. Speaking to me while in Houston for CERAWeek, Jonathan Wilkinson described the phases of Canadas reaction to U.S. President Donald Trumps tariffs and repeated taunti… [+5030 chars]"
"{'id': None, 'name': 'National Post'}",National Post Staff,"Freeland's in, Gould is out: Here's the complete list of PM Mark Carney's first cabinet","The new Liberal government has 24 ministers — 13 men and 11 women, including Carney — and no deputy prime minister",https://nationalpost.com/news/politics/full-list-prime-minister-mark-carneys-first-cabinet,https://smartcdn.gprod.postmedia.digital/nationalpost/wp-content/uploads/2025/03/mark-carney-full-cabinet.jpg,2025-03-14T17:17:55Z,"The new Liberal government has 24 ministers 13 men and 11 women, including Carney and no deputy prime minister
Prime Minister Mark Carney, Gov. Gen. Mary Simon and members of the Liberal cabinet for… [+8893 chars]"
"{'id': 'the-jerusalem-post', 'name': 'The Jerusalem Post'}",BY SHIR P-REX,Purim Shpiel: Trump and Musk announce Jurassic Park to be built in Gaza Strip,"Purim Shpiel: The following is a satirical article from The Jerusalem Post's annual parodic Purim page, The Jerusalem Roast. Enjoy!",https://www.jpost.com/j-spot/article-845956,"https://images.jpost.com/image/upload/f_auto,fl_lossy/c_fill,g_faces:center,h_407,w_690/654027",2025-03-14T17:17:21Z,"US President Donald Trump has announced that after clearing the Gaza Strip, he and First Homie Elon Musk will be constructing a real Jurassic Park in the Middle East.
""This is going to be the greate… [+2157 chars]"
"{'id': None, 'name': 'TODAY'}",Reuters,Trump threatens to impose 200% tariff on wine and spirits from Europe,"Recession fears are growing as President Donald Trump is threatening to impose 200% tariffs on alcohol from the European Union, sending stocks plunging again.",https://www.today.com/food/news/trump-threatens-tariff-on-wine-spirits-from-europe-rcna196483,"https://media-cldnry.s-nbcnews.com/image/upload/t_social_share_1200x630_center,f_auto,q_auto:best/rockcms/2025-03/trump-wine-tariffs-mc-250314-copy-55c1fe.jpg",2025-03-14T17:17:14Z,"U.S. President Donald Trump on Thursday threatened to slap a 200% tariff on wine, cognac and other alcohol imports from Europe, opening a new front in a global trade war that has roiled financial mar… [+5524 chars]"
"{'id': None, 'name': 'CNBC'}",,Trump CMS nominee Dr. Oz won't commit to opposing Medicaid cuts,President Donald Trump has promised to preserve Medicaid and other federal safety-net programs.,https://www.cnbc.com/2025/03/14/trump-dr-oz-cms-medicaid-cuts-senate.html,https://image.cnbcfm.com/api/v1/image/108116240-17419674962025-03-14t154213z_71498665_rc22ddal73h9_rtrmadp_0_usa-trump-cms.jpeg?v=1741967534&w=1920&h=1080,2025-03-14T17:16:45Z,"Dr. Mehmet Oz, President Donald Trump's pick to lead the agency in charge of massive government-run health insurance programs, on Friday declined to commit to opposing future cuts to Medicaid when di… [+1573 chars]"
"{'id': 'cbs-news', 'name': 'CBS News'}",Kate Gibson,Consumer sentiment plunges on worries about tariffs and inflation,"Long-term inflation expectations jumped in March, showing intensifying consumer worries about President Trump's trade wars.",https://www.cbsnews.com/news/consumer-sentiment-confidence-report-march-2025-tariffs-inflation-trump/,https://assets2.cbsnewsstatic.com/hub/i/r/2025/03/14/b0d988b3-9598-45e0-af22-7a5067d53a5d/thumbnail/1200x630/99b40fce9baef5f1ced4f244e0568855/gettyimages-2204758921.jpg?v=e7f44f50e1cf6b32bb81cbfeaec70acf,2025-03-14T17:15:06Z,"U.S. consumer sentiment swooned in March, with a preliminary gauge released by the University of Michigan on Friday proving far weaker than economists had expected.
The results are ""a reflection of … [+1700 chars]"
"{'id': None, 'name': 'WJXT News4JAX'}",Amanda Seitz,LIVE: Dr. Mehmet Oz makes his pitch to oversee America’s health insurance programs,Dr. Mehmet Oz is promising to fight health care fraud and push to make Americans healthier if he becomes the next leader of the Centers for Medicare and Medicaid Services.,https://www.news4jax.com/health/2025/03/14/dr-mehmet-oz-heads-to-the-senate-with-pitch-to-oversee-americas-health-insurance-programs/,"https://res.cloudinary.com/graham-media-group/image/upload/f_auto/q_auto/c_thumb,w_700/v1/media/gmg/LSPQWJE4NFAFHIXC2CGNIIJDZI.jpg?_a=DATAdtfiZAA0",2025-03-14T17:12:32Z,"WASHINGTON Dr. Mehmet Oz promised senators on Friday to fight health care fraud and push to make Americans healthier if he becomes the next leader of the Centers for Medicare and Medicaid Services.
… [+4948 chars]"
"{'id': 'financial-post', 'name': 'Financial Post'}",The Canadian Press,Here’s who is in Mark Carney’s cabinet,Here's a list of ministers and their portfolios as Mark Carney was sworn in as Canada's new prime minister. Keep reading here.,https://financialpost.com/news/mark-carney-cabinet,https://smartcdn.gprod.postmedia.digital/financialpost/wp-content/uploads/2025/03/mark-carney-2-gs0314.jpg,2025-03-14T17:01:00Z,"OTTAWA Mark Carney was sworn in as Canadas 24th prime minister in a ceremony at Rideau Hall in Ottawa today.
A government news release says the new, leaner, focused cabinet includes returning minist… [+2108 chars]"
"{'id': None, 'name': 'Www.gov.uk'}",Cabinet Office,Minister for European Union Relations Mackenzie Stuart Lecture,"A lecture delivered by the Minister for European Union Relations, The Rt Hon Nick Thomas-Symonds, at the Centre for European Legal Studies, University of Cambridge.",https://www.gov.uk/government/speeches/minister-for-european-union-relations-mackenzie-stuart-lecture,https://assets.publishing.service.gov.uk/media/668bbc04ab5fc5929851bb29/nick-thomas-symonds.jpeg,2025-03-14T16:54:43Z,"Its a great pleasure and, indeed, an honour to be invited to present this lecture today.
Firstly, this is a prestigious series of lectures and it is wonderful to follow in the footsteps of so many e… [+27380 chars]"
"{'id': None, 'name': 'CryptoSlate'}",Oluwapelumi Adejumo,REX introduces BMAX ETF for Bitcoin-backed corporate bond access,"REX Shares has launched the Bitcoin Corporate Treasury Convertible Bond (BMAX) ETF, designed to give investors access to convertible bonds issued by companies using debt to acquire Bitcoin. The fund, announced on March 14, will target firms that incorporate B…",https://cryptoslate.com/rex-introduces-bmax-etf-for-bitcoin-backed-corporate-bond-access/,https://cryptoslate.com/wp-content/uploads/2025/03/bitcoin-corporate-treasury-1.jpg,2025-03-14T16:54:27Z,"REX Shares has launched the Bitcoin Corporate Treasury Convertible Bond (BMAX) ETF, designed to give investors access to convertible bonds issued by companies using debt to acquire Bitcoin.
The fund… [+2804 chars]"
"{'id': None, 'name': 'Commercial Observer'}",Acoen,Bravo Property Trust Leads $125M Financing for Dumbo Office-to-Resi Conversion,"Wolfe Landau’s Watermark Capital Group has secured $125 million of construction financing for a Brooklyn office-to-residential conversion project, Commercial Observer can first report. Bravo Property Trust, the construction and bridge lending affiliate of Bra…",http://commercialobserver.com/2025/03/125m-brooklyn-office-to-resi-conversion/,https://commercialobserver.com/wp-content/uploads/sites/3/2025/03/Aaron-Krawitz-175-Pearl-Street-rendering-credit-Bravo-Capital.jpg?quality=80&crop=0px%2C14px%2C2000px%2C1050px&resize=1200%2C630&strip,2025-03-14T16:47:57Z,"Wolfe Landaus Watermark Capital Grouphas secured $125 million of construction financing for a Brooklyn office-to-residential conversion project, Commercial Observer can first report.
Bravo Property … [+2279 chars]"
"{'id': None, 'name': 'The Star Online'}","Cui Li, Zhang Zhang","U.S. tariffs to pose ""moderate impact"" on Polish economy: minister","WARSAW, March 14 (Xinhua) -- The newly imposed tariffs on goods imported into the United States are expected to have a ""moderate impact"" on Poland's economy, Polish Minister of Finance Andrzej Domanski said in an interview on Friday. Read full story",https://www.thestar.com.my/news/world/2025/03/15/us-tariffs-to-pose-moderate-impact-on-polish-economy-minister,https://cdn.thestar.com.my/Themes/img/newTsol_logo_socmedia.png,2025-03-14T16:45:00Z,"WARSAW, March 14 (Xinhua) -- The newly imposed tariffs on goods imported into the United States are expected to have a ""moderate impact"" on Poland's economy, Polish Minister of Finance Andrzej Domans… [+990 chars]"
"{'id': None, 'name': 'Javacodegeeks.com'}",Eleftheria Drosopoulou,Elixir in 2025: Real-Time Apps with Phoenix and Legacy Integration,"Elixir, a dynamic, functional programming language built on the Erlang VM, is gaining traction as a powerhouse for building real-time applications. Its concurrency model, fault tolerance, and scalability make it an ideal choice for modern, high-performance sy…",https://www.javacodegeeks.com/2025/03/elixir-in-2025-real-time-apps-with-phoenix-and-legacy-integration.html,https://www.javacodegeeks.com/wp-content/uploads/2012/10/software-development-2-logo.jpg,2025-03-14T16:45:00Z,"Elixir, a dynamic, functional programming language built on the Erlang VM, is gaining traction as a powerhouse for building real-time applications. Its concurrency model, fault tolerance, and scalabi… [+6630 chars]"
"{'id': None, 'name': 'GlobeNewswire'}",XRPTurbo,"XRP Price Rebounds Strongly As Ripple Investors Shift Focus To XRPTurbo, Set To Bring The AI Agent Revolution To The XRPL Ledger","TALLINN, Estonia, March 14, 2025 (GLOBE NEWSWIRE) -- XRP investors are elated as the popular cryptocurrency surged past the key $2.30 mark this week, significantly outperforming Bitcoin’s modest recovery.",https://www.globenewswire.com/news-release/2025/03/14/3043104/0/en/XRP-Price-Rebounds-Strongly-As-Ripple-Investors-Shift-Focus-To-XRPTurbo-Set-To-Bring-The-AI-Agent-Revolution-To-The-XRPL-Ledger.html,https://ml.globenewswire.com/Resource/Download/d1a9f9bf-a869-482a-9719-9a5a30717f94,2025-03-14T16:44:00Z,"TALLINN, Estonia, March 14, 2025 (GLOBE NEWSWIRE) -- XRP investors are elated as the popular cryptocurrency surged past the key $2.30 mark this week, significantly outperforming Bitcoins modest recov… [+5751 chars]"
"{'id': None, 'name': 'Slashdot.org'}",feedfeeder,Stocks Climb at End of Dizzying Wall Street Week: Markets Wrap - Yahoo Finance,"Stocks Climb at End of Dizzying Wall Street Week: Markets WrapYahoo Finance Warren Buffett Said 'Bad News Is an Investor's Best Friend' and If You're Not Ready for Stocks to Drop 50%, You Shouldn't Be InvestingYahoo Finance US stocks rebound after a week in t…",https://slashdot.org/firehose.pl?op=view&amp;id=176716235,,2025-03-14T16:32:26Z,The Fine Print: The following comments are owned by whoever posted them. We are not responsible for them in any way.
"{'id': 'business-insider', 'name': 'Business Insider'}",Olivia Singh,"12 things to watch this weekend, from the new Millie Bobby Brown Netflix movie 'The Electric State' to 'Moana 2'","From the sci-fi movie ""The Electric State"" to the family-friendly film ""Moana 2,"" here's what to stream this weekend on Netflix, Disney+, and more.",https://www.businessinsider.com/best-shows-movies-streaming-netflix-hulu-disney-march-14-25,https://i.insider.com/67d1c6f1585f1dff88b1eb0f?width=1200&format=jpeg,2025-03-14T16:31:49Z,"Paul Abell/Netflix; Chelsea Jia Feng/BI
<ul><li>The sci-fi movie ""The Electric State,"" starring Millie Bobby Brown and Chris Pratt, is now on Netflix.</li><li>Some films released in 2024, like ""Moan… [+7273 chars]"
"{'id': None, 'name': 'WPSD Local 6'}",Amanda Seitz Associated Press,Dr. Mehmet Oz makes his pitch to oversee America's health insurance programs,"The 64-year-old was a heart surgeon who turned into a popular TV pitchman — now, he has his sights on overseeing health insurance for about 150 million Americans enrolled in",https://www.wpsdlocal6.com/news/dr-mehmet-oz-makes-his-pitch-to-oversee-americas-health-insurance-programs/article_c999f5a0-00eb-11f0-a5b2-0faf8292c1b3.html,https://bloximages.newyork1.vip.townnews.com/wpsdlocal6.com/content/tncms/assets/v3/editorial/c/99/c999f5a0-00eb-11f0-a5b2-0faf8292c1b3/67d4514cd187a.preview.jpg?crop=1763%2C926%2C0%2C124&resize=1200%2C630&order=crop%2Cresize,2025-03-14T16:30:46Z,"WASHINGTON (AP) Leading the Centers for Medicare and Medicaid Services presents a monumental opportunity to make the country healthier, Dr. Mehmet Oz told senators Friday at his confirmation hearing.… [+3382 chars]"
"{'id': 'cbs-news', 'name': 'CBS News'}",Angelica Leicht,How does the debt management process work?,"Before you enroll in a debt management program, you need to know how the process differs from other options.",https://www.cbsnews.com/news/how-does-the-debt-management-process-work/,https://assets1.cbsnewsstatic.com/hub/i/r/2025/03/14/ceaf864b-c1de-4d6e-bd79-09bbbfb63b1f/thumbnail/1200x630/436e982256573fddecce5bf3e0535f05/gettyimages-1311362808.jpg?v=e7f44f50e1cf6b32bb81cbfeaec70acf,2025-03-14T16:30:02Z,"Debt management programs function differently than many other debt relief options, so it's important to understand how they work before enrolling.
Getty Images
Whether it's credit cards, medical bi… [+5391 chars]"
"{'id': None, 'name': 'STLtoday.com'}",By Nassim Benchaabane St. Louis Post-Dispatch,Lawsuit: Ferguson administration's harassment of employee led to her suicide,"Anita Huang-Ryan, who worked in Ferguson's finance department, died in May of 2024, about two months after she was fired from the city where she had worked for nearly eight years.",https://www.stltoday.com/news/local/government-politics/article_53130f32-002f-11f0-876f-6b5b82f9aa0d.html,https://bloximages.newyork1.vip.townnews.com/stltoday.com/content/tncms/assets/v3/editorial/5/31/53130f32-002f-11f0-876f-6b5b82f9aa0d/67d45ac982e86.preview.jpg?crop=1662%2C873%2C0%2C187&resize=1200%2C630&order=crop%2Cresize,2025-03-14T16:30:00Z,"FERGUSON  The family of a former Ferguson employee who died by suicide last year has sued the city, alleging it failed to stop a supervisor's harassment, which caused the employee severe mental distr… [+3237 chars]"
"{'id': None, 'name': 'Www.gov.uk'}","Foreign, Commonwealth & Development Office","Ministerial Roundtable on Water Security, 13 March 2025: outcome statement","A statement of priority actions for improving global water security, agreed between the UK government and the attending countries and multilateral organisations.",https://www.gov.uk/government/news/ministerial-roundtable-on-water-security-13-march-2025-outcome-statement,https://assets.publishing.service.gov.uk/media/67d438c24047b1c7801b5be5/s960_IMG_0283.jpg,2025-03-14T16:27:38Z,"On 13 March 2025, the UK Foreign, Commonwealth, and Development Office convened a high-level roundtable, bringing together international Ministers and senior representatives from countries and key mu… [+3264 chars]"
"{'id': None, 'name': 'pymnts.com'}",PYMNTS,"Step by Step, Benchmarking Tool Forges Working Capital Roadmap as CFOs Battle Uncertainty","When all you’ve got is a hammer, everything looks like a nail. For CFOs battling the tidal waves of uncertainty at home and abroad, recalibrating supplier and vendor relationships, cash flows and working capital, the limitations of spreadsheets and static inf…",https://www.pymnts.com/cfo/2025/step-by-step-benchmarking-tool-forges-working-capital-roadmap-as-cfos-battle-uncertainty/,https://www.pymnts.com/wp-content/uploads/2025/03/CFOs-Visa-benchmarking-PYMNTS-treasury-management.jpg,2025-03-14T16:26:37Z,"When all youve got is a hammer, everything looks like a nail.
For CFOs battling the tidal waves of uncertainty at home and abroad, recalibrating supplier and vendor relationships, cash flows and wor… [+3827 chars]"
"{'id': None, 'name': 'iPhone in Canada'}",John Quintet,"Rogers, Telus, Bell Unleash New Plans for Canada, US, and Mexico","Looks like Rogers, Telus and Bell are again shaking up their plans once again. We’re seeing new plans added, specifically new offerings for Canada-US-Mexico talk, text and data. Just two days ago Bell only had two plans available for bring your own device. No…",https://www.iphoneincanada.ca/2025/03/14/rogers-telus-bell-unleash-new-plans-for-canada-us-and-mexico/,https://cdn.iphoneincanada.ca/wp-content/uploads/2017/09/iic-logo-1.svg,2025-03-14T16:25:38Z,"Looks like Rogers, Telus and Bell are again shaking up their plans once again. Were seeing new plans added, specifically new offerings for Canada-US-Mexico talk, text and data.
Just two days ago Bel… [+1452 chars]"
"{'id': None, 'name': 'Finextra'}",Editorial Team,The Future of Healthcare Payments: How Fintech is Transforming Medical Insurance Premiums (Naina Rajgopalan),Inefficiencies associated with healthcare payments create friction for customers when paying their m...,https://www.finextra.com/blogposting/28056/the-future-of-healthcare-payments-how-fintech-is-transforming-medical-insurance-premiums,https://www.finextra.com/finextra-images/member_photos/thumb_156070_naina_rajgopalan_14.jpg,2025-03-14T16:23:36Z,"Inefficiencies associated with healthcare payments create friction for customers when paying their medical insurance premiums. With traditional payment systems, consumers struggle to access services … [+4958 chars]"
"{'id': None, 'name': 'Rolling Stone'}",Nikkimccannramirez,Liz Warren on How Tech CEOs Are Working the GOP for a $75 Billion Handout,The Massachusetts Democrat speaks to Rolling Stone about how Republicans are doing all they can to make the rich richer — including with the new budget,http://www.rollingstone.com/politics/politics-features/elizabeth-warren-tech-ceos-gop-budget-interview-1235296336/,https://www.rollingstone.com/wp-content/uploads/2025/03/elizabeth-warren-interview.jpg?crop=0px%2C54px%2C1798px%2C1015px&resize=1600%2C900,2025-03-14T16:15:30Z,"Donald Trump’s second term hasn’t even hit the 100-day mark, and the president has already made clear that his priority is not fulfilling the promises of prosperity he made to working class Americans… [+6891 chars]"
"{'id': None, 'name': 'Biztoc.com'}",bloomberg.com,Dutch Consider Abstaining from Vote on EU Defense Finance Plans,,https://biztoc.com/x/609f06e6e1dfa9b2,https://biztoc.com/cdn/609f06e6e1dfa9b2_s.webp,2025-03-14T16:14:08Z,"Youve Read the News - Now Find the ExpertClick to discover leading experts on 50,000+ topics for media, events &amp; more.
Discover Experts on 50,000+ TopicsConnect for media, speaking, expert witne… [+95 chars]"
"{'id': None, 'name': 'Slashdot.org'}",feedfeeder,"Ulta Stock, Peloton Rally As Beauty, Health Play Defense - Investor's Business Daily","Ulta Stock, Peloton Rally As Beauty, Health Play DefenseInvestor's Business Daily Ulta Beauty, UMG, Chipotle: Trending tickersYahoo Finance Ulta issues weak guidance, citing consumer uncertainty, rising competition and company misstepsCNBC Ulta Rises After Pr…",https://slashdot.org/firehose.pl?op=view&amp;id=176716019,,2025-03-14T16:12:38Z,The Fine Print: The following comments are owned by whoever posted them. We are not responsible for them in any way.
"{'id': None, 'name': 'The Diplomat'}",Sudha Ramachandran,India Reiterates Mauritius’ Centrality to Its Indian Ocean Region Strategy,"Prime Minister Modi announced India’s new MAHASAGAR policy from Mauritius, just as he had unveiled the SAGAR policy 10 years ago.",https://thediplomat.com/2025/03/india-reiterates-mauritius-centrality-to-its-indian-ocean-region-strategy/,https://thediplomat.com/wp-content/uploads/2025/03/sizes/td-story-s-2/thediplomat_2025-03-14-161435.jpeg,2025-03-14T16:12:00Z,"Indian Prime Minister Narendra Modis visit to Mauritius on March 11 and 12 saw the two governments elevate their bilateral relationship to an enhanced strategic partnership.
According to the Joint V… [+13378 chars]"
"{'id': None, 'name': 'BusinessLine'}",BL Chennai Bureau,"Except VAT, all state tax categories show strong growth outlook: Tamil Nadu Finance Secretary","Tamil Nadu's tax revenue performance, challenges in VAT, GST collections, and strategies for digital payments and revenue growth.",https://www.thehindubusinessline.com/news/national/except-vat-all-state-tax-categories-show-strong-growth-outlook-tamil-nadu-finance-secretary/article69330954.ece,https://bl-i.thgim.com/public/incoming/eayiir/article69330950.ece/alternates/LANDSCAPE_1200/tnfin_14.jpg,2025-03-14T16:09:04Z,"Tamil Nadus own tax revenue is performing well across most components, except for Value Added Tax (VAT), according to T Udhayachandran, Principal Secretary-Finance, Government of Tamil Nadu.
For 202… [+1866 chars]"
"{'id': None, 'name': 'Ibtimes.com.au'}","Michel COMTE, with Ben SIMON in Charlevoix",Mark Carney Sworn In As Canada PM,"Mark Carney was sworn in as Canada's prime minister on Friday, taking charge of a country rattled by a breakdown in US relations since President Donald Trump's return to power.",https://www.ibtimes.com.au/mark-carney-sworn-canada-pm-1856874,https://d.ibtimes.com.au/en/full/1875840/canadas-liberal-leader-prime-minister-elect-mark-carney-speaks-moments-before-being-elected.jpg,2025-03-14T16:06:10Z,"Mark Carney was sworn in as Canada's prime minister on Friday, taking charge of a country rattled by a breakdown in US relations since President Donald Trump's return to power.
The ruling Liberal Pa… [+4044 chars]"
"{'id': None, 'name': 'Quartz India'}",Francisco Velasquez,"Hasbro bets big on ‘kidults,’ but Trump’s tariffs could drive up prices for Marvel legends and G.I. Joe dolls",Hasbro (HAS) is betting big on “kidults” – adults and teens who continue to buy toys and collectibles like G.I. Joe action figures and Marvel (DIS) legends. Read more...,https://qz.com/hasbro-kidults-trump-tariffs-china-marvel-gi-joe-retail-1851770009,"https://i.kinja-img.com/image/upload/c_fill,h_675,pg_1,q_80,w_1200/4bad5ab0f20d2bc24ce85f10e6281d37.jpg",2025-03-14T16:05:00Z,"In This Story
Hasbro (HAS+0.66%
) is betting big on kidults adults and teens who continue to buy toys and collectibles like G.I. Joe action figures and Marvel (DIS+1.69%
) legends. 
The shift is … [+2046 chars]"
"{'id': None, 'name': 'Yahoo Entertainment'}",Vicky McKeever,Will Trump's trade war tip the US into recession? Yahoo Finance readers have their say,"The US stock market has whipsawed this week over mounting concerns of an economic downturn, as president Donald Trump's trade war escalates.",https://uk.finance.yahoo.com/news/trump-trade-war-us-recession-poll-160337582.html,https://s.yimg.com/ny/api/res/1.2/Lm3qXoRucIgThVqyLzo.cw--/YXBwaWQ9aGlnaGxhbmRlcjt3PTEyMDA7aD04MDA-/https://s.yimg.com/os/creatr-uploaded-images/2025-03/8de52f80-00ea-11f0-83ff-8d69ecf7ec30,2025-03-14T16:03:37Z,"The US stock market has whipsawed this week over mounting concerns of an economic downturn, as president Donald Trump's trade war escalates.
Wall Street witnessed a selloff at the start of the week,… [+2331 chars]"
"{'id': None, 'name': 'GlobeNewswire'}",Research and Markets,Artificial Intelligence Engineering Strategic Business Research Report 2025: Global Market to Grow by Over $70 Billion by 2030 - Integration of AI and DevOps (AIOps) Sets the Stage for Growth,"Dublin, March 14, 2025 (GLOBE NEWSWIRE) -- The ""Artificial Intelligence Engineering - Global Strategic Business Report"" report has been added to ResearchAndMarkets.com's offering.The global market for Artificial Intelligence Engineering was valued at US$15.7 …",https://www.globenewswire.com/news-release/2025/03/14/3043083/28124/en/Artificial-Intelligence-Engineering-Strategic-Business-Research-Report-2025-Global-Market-to-Grow-by-Over-70-Billion-by-2030-Integration-of-AI-and-DevOps-AIOps-Sets-the-Stage-for-G.html,https://ml.globenewswire.com/Resource/Download/908fb457-7f8e-4a08-9081-5565e3dfb3d7,2025-03-14T16:02:00Z,"Dublin, March 14, 2025 (GLOBE NEWSWIRE) -- The ""Artificial Intelligence Engineering - Global Strategic Business Report"" report has been added to ResearchAndMarkets.com's offering.
The global market … [+9557 chars]"
"{'id': 'cbs-news', 'name': 'CBS News'}",Angelica Leicht,Does credit counseling hurt your credit?,"Certain debt relief options can negatively impact your credit score, but is credit counseling one of them?",https://www.cbsnews.com/news/does-credit-counseling-hurt-your-credit/,https://assets2.cbsnewsstatic.com/hub/i/r/2025/03/14/33730033-c8e8-4218-9af7-1f9e3d30d121/thumbnail/1200x630/4e60fb19c0631bf4814e82cb3bafcae6/gettyimages-1208326968.jpg?v=906a31f1d4c74cf15e139a5e9bae4f67,2025-03-14T16:01:30Z,"Credit counseling could help you get rid of your debt, but you may want to know the credit impact it could have before enrolling.
Getty Images/iStockphoto
Managing debt can be tough when you're jug… [+6011 chars]"
